Location,Stay
Banalacan Port,0
Adeling's Karenderia,60
K N's Kitchen,60
Street 74 Restaurant,60
Geodetic Center,30
Villa Negro Café,60
Paadjao Falls,60
Tarug Cave,60
Bagumbungan,60
Bathala Cave,60
Kawa-Kawa Falls,60
Holy Cross Parish Church,15
Rico's Inn,60
Vdine Restaurant,60
Stop'n Shop,60
Oromismo Hotel 898,60
Aler Café,60
Carmen Eco-Park,30
Pulang Lupa,30
Cate Tanawin,60
Ka Amon Cave,60
Poctoy White Beach Resort,60
Mang Bens,60
Ajumma,60
Amirah's Place,60
Em's Food House 2,60
Meal Tea Wings,60
Rosales One Stop Shop,60
Malbog Hotspring,60
Kape Dring,60
Mss Hotel And Resto,60
Green Crib,60
Tambayan Sa Curba,60
Curba Grill,60
St. Joseph The Worker Parish Church,15
Bayview,60
Sinugba,60
Unica Ija,60
Marigold,60
Monsan Brew,60
Talao Cave,60
Guingona Park,30
Tita Lida's,60
LUXOR Hotel and Restaurant,60
Marinduque Airport,0
Cumba,60
Theresa Store/Karinderia,60
Duyay Cave,60
Boac Cathedral,15
The Penthouse,60
Eomma,60
Bricks And Coals,60
10 Y.O.,60
Cravings,60
Tony And Aida's Pansiteria,60
Lola Pia's Pansit,60
Cafe Benevolo,60
Cafe Tolyo,60
Porknok Putok Batok,60
Khendal Foodhub,60
Hale Al,60
4900,60
Uncle Bhogs,60
Chinggay's Café,60
Curba Grill,60
Blue Building Food Court,60
Kusina Sa Plaza,60
Good Chow Food Express,60
La Concha,60
Picaro,60
Lucky Food House,60
Monserrat,60
Meal Tea Wings Murallon,60
Marinduque Museum,30
Marinduque Wildlife Sanctuary,30
St.Isidore Parish Church,15
Las Hermana's Restaurant,60
Tonicita's,60
Poblacion Pares,60
Calle Labao Diner,60
Bethany Cafe,60
